{"cameraMode":{"drawMode":0,"name":"Shaded","section":"Shading Mode"},"sceneLighting":false,"audioPlay":false,"sceneViewState":{"m_AlwaysRefresh":false,"showFog":true,"showSkybox":false,"showFlares":true,"showImageEffects":true,"showParticleSystems":true,"showVisualEffectGraphs":true,"m_FxEnabled":true},"in2DMode":false,"pivot":{"x":-0.00005459785461425781,"y":-1.3499999046325684,"z":0.8999997973442078},"rotation":{"x":0.10811202973127365,"y":0.10240381956100464,"z":-0.011139185167849064,"w":0.9887976050376892},"size":2.33583402633667,"orthographic":false}