{"cameraMode":{"drawMode":0,"name":"Shaded","section":"Shading Mode"},"sceneLighting":false,"audioPlay":false,"sceneViewState":{"m_AlwaysRefresh":false,"showFog":true,"showSkybox":false,"showFlares":true,"showImageEffects":true,"showParticleSystems":true,"showVisualEffectGraphs":true,"m_FxEnabled":true},"in2DMode":false,"pivot":{"x":-4.949999809265137,"y":4.172325134277344e-7,"z":9.899996757507325},"rotation":{"x":-0.007468490395694971,"y":-0.9880319833755493,"z":0.14568676054477693,"w":-0.05044194310903549},"size":1.3500008583068848,"orthographic":false}